{
    "Адыгея Республика": {
        "FROM": 1.4087981891739727,
        "TO": 1.8269689294449614,
        "MEAN": 1.6178835593094671
    },
    "Алтай Республика": {
        "FROM": 1.5325987372805139,
        "TO": 1.9507694775515028,
        "MEAN": 1.7416841074160083
    },
    "Алтайский Край": {
        "FROM": 1.4500650385428198,
        "TO": 1.8682357788138084,
        "MEAN": 1.6591504086783142
    },
    "Амурская Область": {
        "FROM": 1.9541440362663527,
        "TO": 2.372314776537342,
        "MEAN": 2.163229406401847
    },
    "Архангельская Область": {
        "FROM": 1.728439059786754,
        "TO": 2.146609800057743,
        "MEAN": 1.9375244299222485
    },
    "Астраханская Область": {
        "FROM": 1.5078386276592057,
        "TO": 1.9260093679301944,
        "MEAN": 1.7169239977947002
    },
    "Башкортостан Республика": {
        "FROM": 1.7145000351110544,
        "TO": 2.1326707753820435,
        "MEAN": 1.9235854052465489
    },
    "Белгородская Область": {
        "FROM": 1.784195158489553,
        "TO": 2.202365898760542,
        "MEAN": 1.9932805286250475
    },
    "Брянская Область": {
        "FROM": 1.3675313398051254,
        "TO": 1.785702080076114,
        "MEAN": 1.5766167099406196
    },
    "Бурятия Республика": {
        "FROM": 1.8898100762246623,
        "TO": 2.3079808164956512,
        "MEAN": 2.0988954463601566
    },
    "Владимирская Область": {
        "FROM": 1.5738655866493612,
        "TO": 1.9920363269203498,
        "MEAN": 1.7829509567848554
    },
    "Волгоградская Область": {
        "FROM": 1.6068790661444388,
        "TO": 2.0250498064154274,
        "MEAN": 1.8159644362799332
    },
    "Вологодская Область": {
        "FROM": 1.648145915513286,
        "TO": 2.0663166557842745,
        "MEAN": 1.8572312856487803
    },
    "Воронежская Область": {
        "FROM": 1.4418116686690503,
        "TO": 1.859982408940039,
        "MEAN": 1.6508970388045445
    },
    "Дагестан Республика": {
        "FROM": 1.4087981891739727,
        "TO": 1.8269689294449614,
        "MEAN": 1.6178835593094671
    },
    "Еврейская Автономная область": {
        "FROM": 1.9461022912611414,
        "TO": 2.36427303153213,
        "MEAN": 2.155187661396636
    },
    "Забайкальский Край": {
        "FROM": 1.9702275262767752,
        "TO": 2.3883982665477643,
        "MEAN": 2.1793128964122697
    },
    "Ивановская Область": {
        "FROM": 1.6151324360182082,
        "TO": 2.033303176289197,
        "MEAN": 1.8242178061537027
    },
    "Ингушетия Республика": {
        "FROM": 1.4087981891739727,
        "TO": 1.8269689294449614,
        "MEAN": 1.6178835593094671
    },
    "Иркутская Область": {
        "FROM": 1.9058935662350849,
        "TO": 2.3240643065060738,
        "MEAN": 2.114978936370579
    },
    "Кабардино-Балкарская Республика": {
        "FROM": 1.4087981891739727,
        "TO": 1.8269689294449614,
        "MEAN": 1.6178835593094671
    },
    "Калининградская Область": {
        "FROM": 1.6563992853870553,
        "TO": 2.074570025658044,
        "MEAN": 1.8654846555225497
    },
    "Калмыкия Республика": {
        "FROM": 1.4087981891739727,
        "TO": 1.8269689294449614,
        "MEAN": 1.6178835593094671
    },
    "Калужская Область": {
        "FROM": 1.8538902818680516,
        "TO": 2.2720610221390407,
        "MEAN": 2.062975652003546
    },
    "Камчатский Край": {
        "FROM": 2.126237379377875,
        "TO": 2.5444081196488635,
        "MEAN": 2.335322749513369
    },
    "Карачаево-Черкесская Республика": {
        "FROM": 1.4087981891739727,
        "TO": 1.8269689294449614,
        "MEAN": 1.6178835593094671
    },
    "Карелия Республика": {
        "FROM": 1.8260122325166521,
        "TO": 2.244182972787641,
        "MEAN": 2.0350976026521463
    },
    "Кемеровская Область": {
        "FROM": 1.7981341831652526,
        "TO": 2.2163049234362417,
        "MEAN": 2.007219553300747
    },
    "Кировская Область": {
        "FROM": 1.5656122167755917,
        "TO": 1.9837829570465804,
        "MEAN": 1.7746975869110861
    },
    "Коми Республика": {
        "FROM": 1.742378084462454,
        "TO": 2.160548824733443,
        "MEAN": 1.9514634545979483
    },
    "Костромская Область": {
        "FROM": 1.6316391757657471,
        "TO": 2.0498099160367356,
        "MEAN": 1.8407245459012413
    },
    "Краснодарский Край": {
        "FROM": 1.6233858058919777,
        "TO": 2.0415565461629663,
        "MEAN": 1.8324711760274721
    },
    "Красноярский Край": {
        "FROM": 1.686621985759655,
        "TO": 2.104792726030644,
        "MEAN": 1.8957073558951494
    },
    "Крым Республика": {
        "FROM": 1.5463543537367963,
        "TO": 1.9645250940077847,
        "MEAN": 1.755439723872291
    },
    "Курганская Область": {
        "FROM": 1.3757847096788949,
        "TO": 1.7939554499498835,
        "MEAN": 1.5848700798143893
    },
    "Курская Область": {
        "FROM": 1.4583184084165892,
        "TO": 1.8764891486875779,
        "MEAN": 1.6674037785520834
    },
    "Ленинградская Область": {
        "FROM": 1.9139353112402961,
        "TO": 2.332106051511285,
        "MEAN": 2.123020681375791
    },
    "Липецкая Область": {
        "FROM": 1.5243453674067446,
        "TO": 1.9425161076777333,
        "MEAN": 1.733430737542239
    },
    "Магаданская Область": {
        "FROM": 1.7563171091381535,
        "TO": 2.174487849409142,
        "MEAN": 1.965402479273648
    },
    "Марий Эл Республика": {
        "FROM": 1.3840380795526643,
        "TO": 1.802208819823653,
        "MEAN": 1.5931234496881586
    },
    "Мордовия Республика": {
        "FROM": 1.4830785180378974,
        "TO": 1.901249258308886,
        "MEAN": 1.6921638881733916
    },
    "Москва Город": {
        "FROM": 3.240823237100163,
        "TO": 3.6589939773711517,
        "MEAN": 3.449908607235657
    },
    "Московская Область": {
        "FROM": 1.9863110162871978,
        "TO": 2.404481756558187,
        "MEAN": 2.195396386422692
    },
    "Мурманская Область": {
        "FROM": 1.659578833283516,
        "TO": 2.077749573554505,
        "MEAN": 1.8686642034190106
    },
    "Ненецкий Автономный округ": {
        "FROM": 1.659578833283516,
        "TO": 2.077749573554505,
        "MEAN": 1.8686642034190106
    },
    "Нижегородская Область": {
        "FROM": 1.9380605462559302,
        "TO": 2.356231286526919,
        "MEAN": 2.1471459163914246
    },
    "Новгородская Область": {
        "FROM": 1.5408521071542833,
        "TO": 1.9590228474252722,
        "MEAN": 1.7499374772897778
    },
    "Новосибирская Область": {
        "FROM": 1.839951257192352,
        "TO": 2.2581219974633404,
        "MEAN": 2.049036627327846
    },
    "Омская Область": {
        "FROM": 1.6398925456395166,
        "TO": 2.0580632859105052,
        "MEAN": 1.848977915775011
    },
    "Оренбургская Область": {
        "FROM": 1.3922914494264338,
        "TO": 1.8104621896974225,
        "MEAN": 1.6013768195619282
    },
    "Орловская Область": {
        "FROM": 1.4665717782903587,
        "TO": 1.8847425185613473,
        "MEAN": 1.6756571484258531
    },
    "Пензенская Область": {
        "FROM": 1.5491054770280528,
        "TO": 1.9672762172990415,
        "MEAN": 1.7581908471635472
    },
    "Пермский Край": {
        "FROM": 1.6726829610839553,
        "TO": 2.090853701354944,
        "MEAN": 1.8817683312194498
    },
    "Приморский Край": {
        "FROM": 1.8978518212298736,
        "TO": 2.3160225615008625,
        "MEAN": 2.1069371913653683
    },
    "Псковская Область": {
        "FROM": 1.474825148164128,
        "TO": 1.8929958884351168,
        "MEAN": 1.6839105182996223
    },
    "Ростовская Область": {
        "FROM": 1.5821189565231306,
        "TO": 2.0002896967941193,
        "MEAN": 1.791204326658625
    },
    "Рязанская Область": {
        "FROM": 1.5903723263968998,
        "TO": 2.0085430666678885,
        "MEAN": 1.7994576965323943
    },